{
  "designerVersion" : "1.8.0",
  "id" : "handWritten",
  "name" : "handWritten",
  "lastUpdate" : 1529502897149,
  "rows" : [ [ ] ],
  "assets" : [ {
    "id" : "0dbab8f0-b58c-44d8-bf87-7dbb3646d2e7",
    "name" : "style.css",
    "type" : "css",
    "order" : 0,
    "external" : false
  }, {
    "id" : "dda50dc8-04da-4c52-bb84-188ef406fea2",
    "name" : "localization.json",
    "type" : "json",
    "order" : 0,
    "external" : false
  } ],
  "inactiveAssets" : [ ],
  "data" : { },
  "uuid" : "c56036ec-b897-4c98-8a52-6af66f58bad5",
  "type" : "page"
}